<application>
  <component name="DefaultFont">
    <option name="FONT_SIZE" value="16" />
    <option name="FONT_REGULAR_SUB_FAMILY" value="Medium" />
    <option name="FONT_BOLD_SUB_FAMILY" value="Extra Bold" />
  </component>
  <component name="EditorSettings">
    <option name="USE_SOFT_WRAPS" value="CONSOLE" />
    <option name="IS_RIGHT_MARGIN_SHOWN" value="false" />
    <option name="ARE_LINE_NUMBERS_SHOWN" value="false" />
    <option name="ARE_GUTTER_ICONS_SHOWN" value="false" />
    <option name="IS_FOLDING_OUTLINE_SHOWN" value="false" />
    <option name="SHOW_BREADCRUMBS" value="false" />
    <option name="IS_INDENT_GUIDES_SHOWN" value="false" />
  </component>
</application>