<keymap version="1" name="Windows copy" parent="$default">
  <action id="Back">
    <keyboard-shortcut first-keystroke="ctrl alt left" />
    <mouse-shortcut keystroke="button4" />
    <keyboard-shortcut first-keystroke="alt left" />
  </action>
  <action id="CIDR.Debugger.ShowInMemoryView" />
  <action id="Console.Execute.Multiline" />
  <action id="Console.SplitLine" />
  <action id="Dart.NewDartFile">
    <keyboard-shortcut first-keystroke="ctrl n" />
  </action>
  <action id="Debug">
    <keyboard-shortcut first-keystroke="shift f9" />
    <keyboard-shortcut first-keystroke="alt d" />
  </action>
  <action id="Diff.ApplyRightSide" />
  <action id="Diff.NextChange" />
  <action id="Diff.PrevChange" />
  <action id="DirDiffMenu.SynchronizeDiff.All" />
  <action id="EditorContextInfo" />
  <action id="EditorSplitLine" />
  <action id="FileChooser.NewFolder">
    <keyboard-shortcut first-keystroke="alt insert" />
  </action>
  <action id="Forward">
    <keyboard-shortcut first-keystroke="ctrl alt right" />
    <mouse-shortcut keystroke="button5" />
    <keyboard-shortcut first-keystroke="alt right" />
  </action>
  <action id="GotoChangedFile" />
  <action id="GotoClass" />
  <action id="JumpToLastChange">
    <keyboard-shortcut first-keystroke="shift ctrl back_space" />
    <keyboard-shortcut first-keystroke="shift alt left" />
  </action>
  <action id="Kotlin.RunScratch" />
  <action id="KotlinShellExecute" />
  <action id="Macro.Insert Comma">
    <keyboard-shortcut first-keystroke="ctrl comma" />
  </action>
  <action id="Macro.Insert semicolon">
    <keyboard-shortcut first-keystroke="ctrl semicolon" />
  </action>
  <action id="NextTab" />
  <action id="PreviousEditorTab" />
  <action id="PreviousTab" />
  <action id="Refactorings.QuickListPopupAction">
    <keyboard-shortcut first-keystroke="shift ctrl alt t" />
    <keyboard-shortcut first-keystroke="ctrl enter" />
  </action>
  <action id="Run">
    <keyboard-shortcut first-keystroke="shift f10" />
    <keyboard-shortcut first-keystroke="alt r" />
  </action>
  <action id="Terminal.SmartCommandExecution.Run" />
  <action id="ToggleDistractionFreeMode">
    <keyboard-shortcut first-keystroke="alt z" />
  </action>
  <action id="ToggleZenMode">
    <keyboard-shortcut first-keystroke="shift alt z" />
  </action>
  <action id="UpdateRunningApplication" />
  <action id="ViewSource" />
  <action id="android.deploy.ApplyChanges">
    <keyboard-shortcut first-keystroke="ctrl f10" />
  </action>
  <action id="android.deploy.CodeSwap">
    <keyboard-shortcut first-keystroke="ctrl alt f10" />
  </action>
</keymap>