<keymap version="1" name="Windows copy" parent="$default">
  <action id="CIDR.Debugger.ShowInMemoryView" />
  <action id="Console.Execute.Multiline" />
  <action id="Console.SplitLine" />
  <action id="Dart.NewDartFile">
    <keyboard-shortcut first-keystroke="ctrl n" />
  </action>
  <action id="DirDiffMenu.SynchronizeDiff.All" />
  <action id="EditorSplitLine" />
  <action id="FileChooser.NewFolder">
    <keyboard-shortcut first-keystroke="alt insert" />
  </action>
  <action id="GotoChangedFile" />
  <action id="GotoClass" />
  <action id="Kotlin.RunScratch" />
  <action id="KotlinShellExecute" />
  <action id="Macro.Insert Comma">
    <keyboard-shortcut first-keystroke="ctrl comma" />
  </action>
  <action id="Macro.Insert semicolon">
    <keyboard-shortcut first-keystroke="ctrl semicolon" />
  </action>
  <action id="Refactorings.QuickListPopupAction">
    <keyboard-shortcut first-keystroke="shift ctrl alt t" />
    <keyboard-shortcut first-keystroke="ctrl enter" />
  </action>
  <action id="Terminal.SmartCommandExecution.Run" />
  <action id="ToggleZenMode">
    <keyboard-shortcut first-keystroke="alt z" />
  </action>
  <action id="UpdateRunningApplication" />
  <action id="ViewSource" />
  <action id="android.deploy.ApplyChanges">
    <keyboard-shortcut first-keystroke="ctrl f10" />
  </action>
  <action id="android.deploy.CodeSwap">
    <keyboard-shortcut first-keystroke="ctrl alt f10" />
  </action>
</keymap>