<application>
  <component name="ConsoleFoldingSettings">
    <option name="addedPositive">
      <list>
        <option value="D/CCodec" />
        <option value="D/CCodecBufferChannel" />
        <option value="D/CCodecConfig" />
        <option value="D/EGL_emulation" />
        <option value="D/InputMethodManager" />
        <option value="E/FMQ" />
        <option value="InsetsController" />
        <option value="W/Codec2Client" />
        <option value="W/IInputConnectionWrapper" />
        <option value="D/AudioTrack" />
      </list>
    </option>
  </component>
</application>